[
    {
        "pk": 29, 
        "model": "contenttypes.contenttype", 
        "fields": {
            "model": "communityinfo", 
            "name": "Community Information", 
            "app_label": "bwapp"
        }
    }, 
    {
        "pk": 27, 
        "model": "contenttypes.contenttype", 
        "fields": {
            "model": "geoconditions", 
            "name": "Geological Conditions", 
            "app_label": "bwapp"
        }
    }, 
    {
        "pk": 31, 
        "model": "contenttypes.contenttype", 
        "fields": {
            "model": "humanrescontact", 
            "name": "Human Resources Contact", 
            "app_label": "bwapp"
        }
    }, 
    {
        "pk": 24, 
        "model": "contenttypes.contenttype", 
        "fields": {
            "model": "keywords", 
            "name": "Keywords", 
            "app_label": "bwapp"
        }
    }, 
    {
        "pk": 30, 
        "model": "contenttypes.contenttype", 
        "fields": {
            "model": "climate", 
            "name": "climate", 
            "app_label": "bwapp"
        }
    }, 
    {
        "pk": 18, 
        "model": "contenttypes.contenttype", 
        "fields": {
            "model": "codeclimatezone", 
            "name": "code climate zone", 
            "app_label": "bwapp"
        }
    }, 
    {
        "pk": 14, 
        "model": "contenttypes.contenttype", 
        "fields": {
            "model": "codeelevation", 
            "name": "code elevation", 
            "app_label": "bwapp"
        }
    }, 
    {
        "pk": 12, 
        "model": "contenttypes.contenttype", 
        "fields": {
            "model": "codemonth", 
            "name": "code month", 
            "app_label": "bwapp"
        }
    }, 
    {
        "pk": 21, 
        "model": "contenttypes.contenttype", 
        "fields": {
            "model": "codepplserved", 
            "name": "code ppl served", 
            "app_label": "bwapp"
        }
    }, 
    {
        "pk": 19, 
        "model": "contenttypes.contenttype", 
        "fields": {
            "model": "codepreciplevel", 
            "name": "code precip level", 
            "app_label": "bwapp"
        }
    }, 
    {
        "pk": 17, 
        "model": "contenttypes.contenttype", 
        "fields": {
            "model": "codeprofession", 
            "name": "code profession", 
            "app_label": "bwapp"
        }
    }, 
    {
        "pk": 16, 
        "model": "contenttypes.contenttype", 
        "fields": {
            "model": "codeprojtype", 
            "name": "code proj type", 
            "app_label": "bwapp"
        }
    }, 
    {
        "pk": 13, 
        "model": "contenttypes.contenttype", 
        "fields": {
            "model": "coderegion", 
            "name": "code region", 
            "app_label": "bwapp"
        }
    }, 
    {
        "pk": 10, 
        "model": "contenttypes.contenttype", 
        "fields": {
            "model": "coderesource", 
            "name": "code resource", 
            "app_label": "bwapp"
        }
    }, 
    {
        "pk": 23, 
        "model": "contenttypes.contenttype", 
        "fields": {
            "model": "codesoiltype", 
            "name": "code soil type", 
            "app_label": "bwapp"
        }
    }, 
    {
        "pk": 15, 
        "model": "contenttypes.contenttype", 
        "fields": {
            "model": "codetopography", 
            "name": "code topography", 
            "app_label": "bwapp"
        }
    }, 
    {
        "pk": 20, 
        "model": "contenttypes.contenttype", 
        "fields": {
            "model": "codeurbanrural", 
            "name": "code urban rural", 
            "app_label": "bwapp"
        }
    }, 
    {
        "pk": 22, 
        "model": "contenttypes.contenttype", 
        "fields": {
            "model": "codewatermgmtlevel", 
            "name": "code water mgmt level", 
            "app_label": "bwapp"
        }
    }, 
    {
        "pk": 5, 
        "model": "contenttypes.contenttype", 
        "fields": {
            "model": "contenttype", 
            "name": "content type", 
            "app_label": "contenttypes"
        }
    }, 
    {
        "pk": 33, 
        "model": "contenttypes.contenttype", 
        "fields": {
            "model": "featuredproject", 
            "name": "featured project", 
            "app_label": "bwapp"
        }
    }, 
    {
        "pk": 2, 
        "model": "contenttypes.contenttype", 
        "fields": {
            "model": "group", 
            "name": "group", 
            "app_label": "auth"
        }
    }, 
    {
        "pk": 28, 
        "model": "contenttypes.contenttype", 
        "fields": {
            "model": "location", 
            "name": "location", 
            "app_label": "bwapp"
        }
    }, 
    {
        "pk": 8, 
        "model": "contenttypes.contenttype", 
        "fields": {
            "model": "logentry", 
            "name": "log entry", 
            "app_label": "admin"
        }
    }, 
    {
        "pk": 4, 
        "model": "contenttypes.contenttype", 
        "fields": {
            "model": "message", 
            "name": "message", 
            "app_label": "auth"
        }
    }, 
    {
        "pk": 9, 
        "model": "contenttypes.contenttype", 
        "fields": {
            "model": "newsupdate", 
            "name": "news update", 
            "app_label": "bwapp"
        }
    }, 
    {
        "pk": 26, 
        "model": "contenttypes.contenttype", 
        "fields": {
            "model": "organization", 
            "name": "organization", 
            "app_label": "bwapp"
        }
    }, 
    {
        "pk": 1, 
        "model": "contenttypes.contenttype", 
        "fields": {
            "model": "permission", 
            "name": "permission", 
            "app_label": "auth"
        }
    }, 
    {
        "pk": 25, 
        "model": "contenttypes.contenttype", 
        "fields": {
            "model": "project", 
            "name": "project", 
            "app_label": "bwapp"
        }
    }, 
    {
        "pk": 32, 
        "model": "contenttypes.contenttype", 
        "fields": {
            "model": "projectcontact", 
            "name": "project contact", 
            "app_label": "bwapp"
        }
    }, 
    {
        "pk": 11, 
        "model": "contenttypes.contenttype", 
        "fields": {
            "model": "resource", 
            "name": "resource", 
            "app_label": "bwapp"
        }
    }, 
    {
        "pk": 6, 
        "model": "contenttypes.contenttype", 
        "fields": {
            "model": "session", 
            "name": "session", 
            "app_label": "sessions"
        }
    }, 
    {
        "pk": 7, 
        "model": "contenttypes.contenttype", 
        "fields": {
            "model": "site", 
            "name": "site", 
            "app_label": "sites"
        }
    }, 
    {
        "pk": 3, 
        "model": "contenttypes.contenttype", 
        "fields": {
            "model": "user", 
            "name": "user", 
            "app_label": "auth"
        }
    }, 
    {
        "pk": "bf2c86af6e7986e73600312ac9a7e1f6", 
        "model": "sessions.session", 
        "fields": {
            "expire_date": "2012-01-04 21:34:28", 
            "session_data": "Y2VmMDYxNzIyNTVkZmU5ODY2NGY3Mjg4MGU0NTAxNGViNTM1ZDY0MTqAAn1xAShVB3Byb2plY3Rj\nZGphbmdvLmRiLm1vZGVscy5iYXNlCm1vZGVsX3VucGlja2xlCnECY2J3YXBwLm1vZGVscwpQcm9q\nZWN0CnEDXWNkamFuZ28uZGIubW9kZWxzLmJhc2UKc2ltcGxlX2NsYXNzX2ZhY3RvcnkKcQSHUnEF\nfXEGKFULZGVzY3JpcHRpb25xB1gQAAAAU29tZSBkZXNjcmlwdGlvblUIZW5kX2RhdGVxCGNkYXRl\ndGltZQpkYXRlCnEJVQQH2gEBhVJxClUFdGl0bGVxC1gJAAAATXlQcm9qZWN0VQdjcmVhdGVkcQxj\nZGF0ZXRpbWUKZGF0ZXRpbWUKcQ1VCgfbDBUTHBMAOpiFUnEOVQZfc3RhdGVxD2NkamFuZ28uZGIu\nbW9kZWxzLmJhc2UKTW9kZWxTdGF0ZQpxECmBcRF9cRIoVQZhZGRpbmdxE4lVAmRicRRVB2RlZmF1\nbHR1YlUIbW9kaWZpZWRxFWgNVQoH2wwVExwYAxj4hVJxFlUIcmV2aWV3ZWRxF4lVCnN0YXJ0X2Rh\ndGVxGGgJVQQH2QIChVJxGVUJcHJval9tZ210cRpYDgAAAFdlIHRvb2sgdHVybnMuVQJpZHEbSwNV\nBGdvYWxxHFgSAAAAVG8gdGVzdCBzdHVmZiBnb29kdWJVEl9hdXRoX3VzZXJfYmFja2VuZHEdVSlk\namFuZ28uY29udHJpYi5hdXRoLmJhY2tlbmRzLk1vZGVsQmFja2VuZHEeVQ1fYXV0aF91c2VyX2lk\ncR9LAXUu\n"
        }
    }, 
    {
        "pk": "9388386b8abcf05bce46a5ee47ae13bb", 
        "model": "sessions.session", 
        "fields": {
            "expire_date": "2012-01-21 16:53:12", 
            "session_data": "ZmYwN2MzZjkwOWYwNDQxODRjZGNkMmM1ZmI5NGZhMmZiMzI2MGFiOTqAAn1xAShVB3Byb2plY3Rx\nAmNkamFuZ28uZGIubW9kZWxzLmJhc2UKbW9kZWxfdW5waWNrbGUKcQNjYndhcHAubW9kZWxzClBy\nb2plY3QKcQRdY2RqYW5nby5kYi5tb2RlbHMuYmFzZQpzaW1wbGVfY2xhc3NfZmFjdG9yeQpxBYdS\ncQZ9cQcoVQtkZXNjcmlwdGlvbnEIWBEAAABUZXN0aW5nIGZ1bGwgYWRkLnEJVQhlbmRfZGF0ZXEK\nY2RhdGV0aW1lCmRhdGUKcQtVBAfZAgKFUnEMVQV0aXRsZXENWAgAAABUZXN0IEpBU3EOVQdjcmVh\ndGVkcQ9jZGF0ZXRpbWUKZGF0ZXRpbWUKcRBVCgfcAQcQNQwEwsCFUnERVQZfc3RhdGVxEmNkamFu\nZ28uZGIubW9kZWxzLmJhc2UKTW9kZWxTdGF0ZQpxEymBcRR9cRUoVQZhZGRpbmdxFolVAmRicRdV\nB2RlZmF1bHRxGHViVQhtb2RpZmllZHEZaBBVCgfcAQcQNQwEwsCFUnEaVQpzdGFydF9kYXRlcRto\nC1UEB9kBAYVScRxVCXByb2pfbWdtdHEdWAoAAABNYW5hZ2VtZW50cR5VCHJldmlld2VkcR+JVQJp\nZHEgSwRVBGdvYWxxIVgQAAAAVGVzdGluZyBmdWxsIGFkZHEidWJVDV9hdXRoX3VzZXJfaWRLAVUS\nX2F1dGhfdXNlcl9iYWNrZW5kVSlkamFuZ28uY29udHJpYi5hdXRoLmJhY2tlbmRzLk1vZGVsQmFj\na2VuZHUu\n"
        }
    }, 
    {
        "pk": 1, 
        "model": "sites.site", 
        "fields": {
            "domain": "example.com", 
            "name": "example.com"
        }
    }, 
    {
        "pk": 3, 
        "model": "admin.logentry", 
        "fields": {
            "action_flag": 1, 
            "action_time": "2012-01-07 17:10:46", 
            "object_repr": "Test JAS", 
            "object_id": "2", 
            "change_message": "", 
            "user": 1, 
            "content_type": 33
        }
    }, 
    {
        "pk": 2, 
        "model": "admin.logentry", 
        "fields": {
            "action_flag": 2, 
            "action_time": "2012-01-07 17:10:21", 
            "object_repr": "Test JAS", 
            "object_id": "4", 
            "change_message": "Changed reviewed.", 
            "user": 1, 
            "content_type": 25
        }
    }, 
    {
        "pk": 1, 
        "model": "admin.logentry", 
        "fields": {
            "action_flag": 2, 
            "action_time": "2012-01-07 17:10:00", 
            "object_repr": "Test JAS", 
            "object_id": "4", 
            "change_message": "Deleted project contact \"James Seppi\". Deleted organization \"EWB\".", 
            "user": 1, 
            "content_type": 25
        }
    }, 
    {
        "pk": 1, 
        "model": "bwapp.newsupdate", 
        "fields": {
            "content": "Good news this week -- we've successfully registered with Razoo, the online fundraising site. <a href=\"http://www.razoo.com/story/Bridgingwaters\">Donate now</a> so we can hire a web application developer to finish building our database!", 
            "author": "Brent", 
            "created": "2011-09-15 06:30:00", 
            "modified": "2011-09-15 06:30:00", 
            "title": "New Donation Process"
        }
    }, 
    {
        "pk": 2, 
        "model": "bwapp.newsupdate", 
        "fields": {
            "content": "Just to update - we're continuing to search for funding for the development of our project database. The board has prepared several proposals and is looking for funding organizations with goals that align well with BW's.", 
            "author": "James", 
            "created": "2011-07-30 10:30:00", 
            "modified": "2011-08-01 11:30:00", 
            "title": "Searching for Funding"
        }
    }, 
    {
        "pk": 3, 
        "model": "bwapp.newsupdate", 
        "fields": {
            "content": "Thanks to everyone who came out for our Pub Pedal Fundraiser! We had a great time, raised some much needed money, and got to spread the word about Bridging Waters.<br/>We still have shirts for sale if you didn't get a chance to pick one up. Contact us to get one!", 
            "author": "Virginia", 
            "created": "2011-05-08 14:20:00", 
            "modified": "2011-05-08 14:20:00", 
            "title": "Fundraising Success!"
        }
    }, 
    {
        "pk": 1, 
        "model": "bwapp.codemonth", 
        "fields": {
            "value": "January"
        }
    }, 
    {
        "pk": 2, 
        "model": "bwapp.codemonth", 
        "fields": {
            "value": "February"
        }
    }, 
    {
        "pk": 3, 
        "model": "bwapp.codemonth", 
        "fields": {
            "value": "March"
        }
    }, 
    {
        "pk": 4, 
        "model": "bwapp.codemonth", 
        "fields": {
            "value": "April"
        }
    }, 
    {
        "pk": 5, 
        "model": "bwapp.codemonth", 
        "fields": {
            "value": "May"
        }
    }, 
    {
        "pk": 6, 
        "model": "bwapp.codemonth", 
        "fields": {
            "value": "June"
        }
    }, 
    {
        "pk": 7, 
        "model": "bwapp.codemonth", 
        "fields": {
            "value": "July"
        }
    }, 
    {
        "pk": 8, 
        "model": "bwapp.codemonth", 
        "fields": {
            "value": "August"
        }
    }, 
    {
        "pk": 9, 
        "model": "bwapp.codemonth", 
        "fields": {
            "value": "September"
        }
    }, 
    {
        "pk": 10, 
        "model": "bwapp.codemonth", 
        "fields": {
            "value": "October"
        }
    }, 
    {
        "pk": 11, 
        "model": "bwapp.codemonth", 
        "fields": {
            "value": "November"
        }
    }, 
    {
        "pk": 12, 
        "model": "bwapp.codemonth", 
        "fields": {
            "value": "December"
        }
    }, 
    {
        "pk": 1, 
        "model": "bwapp.coderegion", 
        "fields": {
            "value": "North America"
        }
    }, 
    {
        "pk": 2, 
        "model": "bwapp.coderegion", 
        "fields": {
            "value": "South America"
        }
    }, 
    {
        "pk": 3, 
        "model": "bwapp.coderegion", 
        "fields": {
            "value": "Central America"
        }
    }, 
    {
        "pk": 4, 
        "model": "bwapp.coderegion", 
        "fields": {
            "value": "Caribbean"
        }
    }, 
    {
        "pk": 5, 
        "model": "bwapp.coderegion", 
        "fields": {
            "value": "North Africa and Middle East"
        }
    }, 
    {
        "pk": 6, 
        "model": "bwapp.coderegion", 
        "fields": {
            "value": "Africa"
        }
    }, 
    {
        "pk": 7, 
        "model": "bwapp.coderegion", 
        "fields": {
            "value": "Western Europe"
        }
    }, 
    {
        "pk": 8, 
        "model": "bwapp.coderegion", 
        "fields": {
            "value": "Eastern Europe and Central Asia"
        }
    }, 
    {
        "pk": 9, 
        "model": "bwapp.coderegion", 
        "fields": {
            "value": "Asia"
        }
    }, 
    {
        "pk": 10, 
        "model": "bwapp.coderegion", 
        "fields": {
            "value": "Pacific Islands"
        }
    }, 
    {
        "pk": 11, 
        "model": "bwapp.coderegion", 
        "fields": {
            "value": "Australia"
        }
    }, 
    {
        "pk": 1, 
        "model": "bwapp.codeelevation", 
        "fields": {
            "value": "0-500m (0'-1500')"
        }
    }, 
    {
        "pk": 2, 
        "model": "bwapp.codeelevation", 
        "fields": {
            "value": "500-1000m (1500'-3250')"
        }
    }, 
    {
        "pk": 3, 
        "model": "bwapp.codeelevation", 
        "fields": {
            "value": "1000-1500m (3250'-5000')"
        }
    }, 
    {
        "pk": 4, 
        "model": "bwapp.codeelevation", 
        "fields": {
            "value": "1500-2000m (5000'-6500')"
        }
    }, 
    {
        "pk": 5, 
        "model": "bwapp.codeelevation", 
        "fields": {
            "value": "2000-2500m (6500'-8200')"
        }
    }, 
    {
        "pk": 6, 
        "model": "bwapp.codeelevation", 
        "fields": {
            "value": "2500-3000m (8200'-9800')"
        }
    }, 
    {
        "pk": 7, 
        "model": "bwapp.codeelevation", 
        "fields": {
            "value": "3000-3500m (9800'-11500')"
        }
    }, 
    {
        "pk": 8, 
        "model": "bwapp.codeelevation", 
        "fields": {
            "value": "3500-4000m (11500'-13100')"
        }
    }, 
    {
        "pk": 1, 
        "model": "bwapp.codetopography", 
        "fields": {
            "value": "Coastal"
        }
    }, 
    {
        "pk": 2, 
        "model": "bwapp.codetopography", 
        "fields": {
            "value": "Flatland"
        }
    }, 
    {
        "pk": 3, 
        "model": "bwapp.codetopography", 
        "fields": {
            "value": "Rolling Hills"
        }
    }, 
    {
        "pk": 4, 
        "model": "bwapp.codetopography", 
        "fields": {
            "value": "Mountains"
        }
    }, 
    {
        "pk": 1, 
        "model": "bwapp.codeprojtype", 
        "fields": {
            "value": "Well"
        }
    }, 
    {
        "pk": 2, 
        "model": "bwapp.codeprojtype", 
        "fields": {
            "value": "Collection"
        }
    }, 
    {
        "pk": 3, 
        "model": "bwapp.codeprojtype", 
        "fields": {
            "value": "Source Protection (Spring Box)"
        }
    }, 
    {
        "pk": 4, 
        "model": "bwapp.codeprojtype", 
        "fields": {
            "value": "Piping"
        }
    }, 
    {
        "pk": 5, 
        "model": "bwapp.codeprojtype", 
        "fields": {
            "value": "Irrigation"
        }
    }, 
    {
        "pk": 6, 
        "model": "bwapp.codeprojtype", 
        "fields": {
            "value": "Water Treatment (chemical)"
        }
    }, 
    {
        "pk": 7, 
        "model": "bwapp.codeprojtype", 
        "fields": {
            "value": "Water Treatment (physical)"
        }
    }, 
    {
        "pk": 8, 
        "model": "bwapp.codeprojtype", 
        "fields": {
            "value": "Sanitation"
        }
    }, 
    {
        "pk": 9, 
        "model": "bwapp.codeprojtype", 
        "fields": {
            "value": "River/Estuary/Shore Restoration"
        }
    }, 
    {
        "pk": 10, 
        "model": "bwapp.codeprojtype", 
        "fields": {
            "value": "Dam Impoundment"
        }
    }, 
    {
        "pk": 11, 
        "model": "bwapp.codeprojtype", 
        "fields": {
            "value": "Education"
        }
    }, 
    {
        "pk": 1, 
        "model": "bwapp.codeprofession", 
        "fields": {
            "value": "Mason"
        }
    }, 
    {
        "pk": 2, 
        "model": "bwapp.codeprofession", 
        "fields": {
            "value": "Carpenter"
        }
    }, 
    {
        "pk": 3, 
        "model": "bwapp.codeprofession", 
        "fields": {
            "value": "Mechanic"
        }
    }, 
    {
        "pk": 4, 
        "model": "bwapp.codeprofession", 
        "fields": {
            "value": "Plumber"
        }
    }, 
    {
        "pk": 5, 
        "model": "bwapp.codeprofession", 
        "fields": {
            "value": "Pipefitter"
        }
    }, 
    {
        "pk": 6, 
        "model": "bwapp.codeprofession", 
        "fields": {
            "value": "Lumberjack"
        }
    }, 
    {
        "pk": 7, 
        "model": "bwapp.codeprofession", 
        "fields": {
            "value": "Health Care Provider"
        }
    }, 
    {
        "pk": 8, 
        "model": "bwapp.codeprofession", 
        "fields": {
            "value": "Electrician"
        }
    }, 
    {
        "pk": 9, 
        "model": "bwapp.codeprofession", 
        "fields": {
            "value": "Blacksmith"
        }
    }, 
    {
        "pk": 10, 
        "model": "bwapp.codeprofession", 
        "fields": {
            "value": "Other"
        }
    }, 
    {
        "pk": 1, 
        "model": "bwapp.codeclimatezone", 
        "fields": {
            "description": null, 
            "value": "Equatorial"
        }
    }, 
    {
        "pk": 2, 
        "model": "bwapp.codeclimatezone", 
        "fields": {
            "description": null, 
            "value": "Tropical"
        }
    }, 
    {
        "pk": 3, 
        "model": "bwapp.codeclimatezone", 
        "fields": {
            "description": null, 
            "value": "Subtropical"
        }
    }, 
    {
        "pk": 4, 
        "model": "bwapp.codeclimatezone", 
        "fields": {
            "description": null, 
            "value": "Mediterranean"
        }
    }, 
    {
        "pk": 5, 
        "model": "bwapp.codeclimatezone", 
        "fields": {
            "description": null, 
            "value": "Warm Temperate"
        }
    }, 
    {
        "pk": 6, 
        "model": "bwapp.codeclimatezone", 
        "fields": {
            "description": null, 
            "value": "Nemoral"
        }
    }, 
    {
        "pk": 7, 
        "model": "bwapp.codeclimatezone", 
        "fields": {
            "description": null, 
            "value": "Continental"
        }
    }, 
    {
        "pk": 8, 
        "model": "bwapp.codeclimatezone", 
        "fields": {
            "description": null, 
            "value": "Boreal"
        }
    }, 
    {
        "pk": 9, 
        "model": "bwapp.codeclimatezone", 
        "fields": {
            "description": null, 
            "value": "Polar"
        }
    }, 
    {
        "pk": 1, 
        "model": "bwapp.codepreciplevel", 
        "fields": {
            "value": "Very Low"
        }
    }, 
    {
        "pk": 2, 
        "model": "bwapp.codepreciplevel", 
        "fields": {
            "value": "Low"
        }
    }, 
    {
        "pk": 3, 
        "model": "bwapp.codepreciplevel", 
        "fields": {
            "value": "Moderate"
        }
    }, 
    {
        "pk": 4, 
        "model": "bwapp.codepreciplevel", 
        "fields": {
            "value": "High"
        }
    }, 
    {
        "pk": 5, 
        "model": "bwapp.codepreciplevel", 
        "fields": {
            "value": "Very High"
        }
    }, 
    {
        "pk": 1, 
        "model": "bwapp.codeurbanrural", 
        "fields": {
            "value": "Rural"
        }
    }, 
    {
        "pk": 2, 
        "model": "bwapp.codeurbanrural", 
        "fields": {
            "value": "Urban"
        }
    }, 
    {
        "pk": 3, 
        "model": "bwapp.codeurbanrural", 
        "fields": {
            "value": "Semi-urban"
        }
    }, 
    {
        "pk": 1, 
        "model": "bwapp.codepplserved", 
        "fields": {
            "value": "<100"
        }
    }, 
    {
        "pk": 2, 
        "model": "bwapp.codepplserved", 
        "fields": {
            "value": "100-500"
        }
    }, 
    {
        "pk": 3, 
        "model": "bwapp.codepplserved", 
        "fields": {
            "value": "500-1000"
        }
    }, 
    {
        "pk": 4, 
        "model": "bwapp.codepplserved", 
        "fields": {
            "value": "1000-5000"
        }
    }, 
    {
        "pk": 5, 
        "model": "bwapp.codepplserved", 
        "fields": {
            "value": "5000+"
        }
    }, 
    {
        "pk": 1, 
        "model": "bwapp.codewatermgmtlevel", 
        "fields": {
            "value": "N/A"
        }
    }, 
    {
        "pk": 2, 
        "model": "bwapp.codewatermgmtlevel", 
        "fields": {
            "value": "Local"
        }
    }, 
    {
        "pk": 3, 
        "model": "bwapp.codewatermgmtlevel", 
        "fields": {
            "value": "Regional"
        }
    }, 
    {
        "pk": 4, 
        "model": "bwapp.codewatermgmtlevel", 
        "fields": {
            "value": "National"
        }
    }, 
    {
        "pk": 5, 
        "model": "bwapp.codewatermgmtlevel", 
        "fields": {
            "value": "Tribal"
        }
    }, 
    {
        "pk": 1, 
        "model": "bwapp.codesoiltype", 
        "fields": {
            "value": "Sand"
        }
    }, 
    {
        "pk": 2, 
        "model": "bwapp.codesoiltype", 
        "fields": {
            "value": "Loam"
        }
    }, 
    {
        "pk": 3, 
        "model": "bwapp.codesoiltype", 
        "fields": {
            "value": "Clay"
        }
    }, 
    {
        "pk": 4, 
        "model": "bwapp.codesoiltype", 
        "fields": {
            "value": "Sandy Clay"
        }
    }, 
    {
        "pk": 5, 
        "model": "bwapp.codesoiltype", 
        "fields": {
            "value": "Loamy Sand"
        }
    }, 
    {
        "pk": 6, 
        "model": "bwapp.codesoiltype", 
        "fields": {
            "value": "Loamy Clay"
        }
    }, 
    {
        "pk": 7, 
        "model": "bwapp.codesoiltype", 
        "fields": {
            "value": "Bedrock"
        }
    }, 
    {
        "pk": 1, 
        "model": "bwapp.project", 
        "fields": {
            "goal": "To allow James to test the bw app", 
            "end_date": "2009-06-01", 
            "title": "1 TEST PROJECT 1", 
            "created": "2011-12-01 11:36:00", 
            "modified": "2011-12-01 11:36:00", 
            "reviewed": true, 
            "proj_types": [
                3, 
                11
            ], 
            "proj_mgmt": "Project management field", 
            "keywords": [], 
            "start_date": "2009-01-01", 
            "description": "This is a test project for the bw app"
        }
    }, 
    {
        "pk": 2, 
        "model": "bwapp.project", 
        "fields": {
            "goal": "To allow James to test the bw app with 2 projects", 
            "end_date": "2010-06-20", 
            "title": "2 TEST PROJECT 2", 
            "created": "2011-12-01 11:49:00", 
            "modified": "2011-12-01 11:49:00", 
            "reviewed": true, 
            "proj_types": [
                5, 
                6, 
                7, 
                11
            ], 
            "proj_mgmt": "Project mgmt dfiohdgudihg dugihdguidfh g", 
            "keywords": [], 
            "start_date": "2010-02-14", 
            "description": "This is the second test project for the bw app"
        }
    }, 
    {
        "pk": 3, 
        "model": "bwapp.project", 
        "fields": {
            "goal": "To test stuff good", 
            "end_date": "2010-01-01", 
            "title": "MyProject", 
            "created": "2011-12-21 19:28:19", 
            "modified": "2011-12-21 19:28:24", 
            "reviewed": false, 
            "proj_types": [
                4, 
                5
            ], 
            "proj_mgmt": "We took turns.", 
            "keywords": [], 
            "start_date": "2009-02-02", 
            "description": "Some description"
        }
    }, 
    {
        "pk": 4, 
        "model": "bwapp.project", 
        "fields": {
            "goal": "Testing full add", 
            "end_date": "2009-02-02", 
            "title": "Test JAS", 
            "created": "2012-01-07 16:53:12", 
            "modified": "2012-01-07 17:10:21", 
            "reviewed": true, 
            "proj_types": [
                1, 
                8
            ], 
            "proj_mgmt": "Management", 
            "keywords": [], 
            "start_date": "2009-01-01", 
            "description": "Testing full add."
        }
    }, 
    {
        "pk": 1, 
        "model": "bwapp.organization", 
        "fields": {
            "website": null, 
            "project": 1, 
            "name": "EWB-AUS", 
            "add_state_prov": null, 
            "add_street1": null, 
            "add_street2": null, 
            "add_country": "", 
            "phone": null, 
            "add_code": null, 
            "notes": null, 
            "add_city": null, 
            "email": null
        }
    }, 
    {
        "pk": 2, 
        "model": "bwapp.organization", 
        "fields": {
            "website": null, 
            "project": 2, 
            "name": "EWB-AUS", 
            "add_state_prov": null, 
            "add_street1": null, 
            "add_street2": null, 
            "add_country": "", 
            "phone": null, 
            "add_code": null, 
            "notes": null, 
            "add_city": null, 
            "email": null
        }
    }, 
    {
        "pk": 3, 
        "model": "bwapp.organization", 
        "fields": {
            "website": "", 
            "project": 4, 
            "name": "EWB", 
            "add_state_prov": "TX", 
            "add_street1": "123 Something St.", 
            "add_street2": "", 
            "add_country": "US", 
            "phone": "", 
            "add_code": "78751", 
            "notes": "", 
            "add_city": "Austin", 
            "email": ""
        }
    }, 
    {
        "pk": 4, 
        "model": "bwapp.organization", 
        "fields": {
            "website": "", 
            "project": 4, 
            "name": "EWB", 
            "add_state_prov": "TX", 
            "add_street1": "123 Something St.", 
            "add_street2": "", 
            "add_country": "US", 
            "phone": "", 
            "add_code": "78751", 
            "notes": "", 
            "add_city": "Austin", 
            "email": ""
        }
    }, 
    {
        "pk": 1, 
        "model": "bwapp.geoconditions", 
        "fields": {
            "description": "Geo Conditions 1 description", 
            "soil_type": 5, 
            "geo_impact": "Impact of geo conditions 1", 
            "project": 1, 
            "hit_bedrock": false, 
            "hit_water_table": true
        }
    }, 
    {
        "pk": 2, 
        "model": "bwapp.geoconditions", 
        "fields": {
            "description": "Geo Conditions 2 description", 
            "soil_type": 7, 
            "geo_impact": "Impact of geo conditions 2", 
            "project": 2, 
            "hit_bedrock": true, 
            "hit_water_table": false
        }
    }, 
    {
        "pk": 3, 
        "model": "bwapp.geoconditions", 
        "fields": {
            "description": "", 
            "soil_type": 1, 
            "geo_impact": "", 
            "project": 3, 
            "hit_bedrock": false, 
            "hit_water_table": false
        }
    }, 
    {
        "pk": 4, 
        "model": "bwapp.geoconditions", 
        "fields": {
            "description": "", 
            "soil_type": 6, 
            "geo_impact": "", 
            "project": 4, 
            "hit_bedrock": false, 
            "hit_water_table": false
        }
    }, 
    {
        "pk": 1, 
        "model": "bwapp.location", 
        "fields": {
            "topography": 3, 
            "elevation": 2, 
            "name": "Sieykin", 
            "state_prov": "Bocas del Toro",
            "country": "PA", 
            "region": 3, 
            "longitude": -82.602999999999994, 
            "project": 1, 
            "latitude": 9.3610000000000007, 
            "description": "Location 1 Description"
        }
    }, 
    {
        "pk": 2, 
        "model": "bwapp.location", 
        "fields": {
            "topography": 4, 
            "elevation": 5, 
            "name": "Comunidad Campesina de Huasta", 
            "state_prov": "Ancash",
            "country": "PE", 
            "region": 2, 
            "longitude": -77.125, 
            "project": 2, 
            "latitude": -10.069000000000001, 
            "description": "Location 2 Description"
        }
    }, 
    {
        "pk": 3, 
        "model": "bwapp.location", 
        "fields": {
            "topography": 2, 
            "elevation": 2, 
            "name": "MyLoc", 
            "state_prov": "State",
            "country": "AF", 
            "region": 4, 
            "longitude": 22.0, 
            "project": 3, 
            "latitude": 98.0, 
            "description": ""
        }
    }, 
    {
        "pk": 4, 
        "model": "bwapp.location", 
        "fields": {
            "topography": 4, 
            "elevation": 2, 
            "name": "Funkytown", 
            "state_prov": "State",
            "country": "UY", 
            "region": 2, 
            "longitude": -2.2222, 
            "project": 4, 
            "latitude": -1.1111, 
            "description": ""
        }
    }, 
    {
        "pk": 1, 
        "model": "bwapp.communityinfo", 
        "fields": {
            "project": 1, 
            "description": "Community description 1", 
            "urban_rural": 1, 
            "water_mgmt_level": 1, 
            "community_size": 400, 
            "num_ppl_served": 2
        }
    }, 
    {
        "pk": 2, 
        "model": "bwapp.communityinfo", 
        "fields": {
            "project": 2, 
            "description": "Community description 2", 
            "urban_rural": 1, 
            "water_mgmt_level": 1, 
            "community_size": 1400, 
            "num_ppl_served": 3
        }
    }, 
    {
        "pk": 3, 
        "model": "bwapp.communityinfo", 
        "fields": {
            "project": 3, 
            "description": "They are cool", 
            "urban_rural": 1, 
            "water_mgmt_level": 2, 
            "community_size": 2000, 
            "num_ppl_served": 2
        }
    }, 
    {
        "pk": 4, 
        "model": "bwapp.communityinfo", 
        "fields": {
            "project": 4, 
            "description": "It was cool", 
            "urban_rural": 1, 
            "water_mgmt_level": 2, 
            "community_size": 4000, 
            "num_ppl_served": 1
        }
    }, 
    {
        "pk": 1, 
        "model": "bwapp.climate", 
        "fields": {
            "project": 1, 
            "has_rainy_season": true, 
            "precipitation": 5, 
            "climate_zone": 2, 
            "rainy_months": [
                5, 
                6, 
                7, 
                8, 
                9, 
                10
            ]
        }
    }, 
    {
        "pk": 2, 
        "model": "bwapp.climate", 
        "fields": {
            "project": 2, 
            "has_rainy_season": true, 
            "precipitation": 4, 
            "climate_zone": 2, 
            "rainy_months": [
                1, 
                2, 
                3, 
                4, 
                10, 
                11, 
                12
            ]
        }
    }, 
    {
        "pk": 3, 
        "model": "bwapp.climate", 
        "fields": {
            "project": 3, 
            "has_rainy_season": true, 
            "precipitation": 4, 
            "climate_zone": 3, 
            "rainy_months": [
                1, 
                5, 
                12
            ]
        }
    }, 
    {
        "pk": 4, 
        "model": "bwapp.climate", 
        "fields": {
            "project": 4, 
            "has_rainy_season": true, 
            "precipitation": 2, 
            "climate_zone": 2, 
            "rainy_months": [
                4
            ]
        }
    }, 
    {
        "pk": 1, 
        "model": "bwapp.humanrescontact", 
        "fields": {
            "website": null, 
            "project": 4, 
            "middle_name": "", 
            "add_state_prov": "", 
            "notes": "", 
            "add_street1": "", 
            "add_street2": "", 
            "other_type": "", 
            "add_country": "UY", 
            "phone": "", 
            "add_code": "", 
            "given_name": "Elliott", 
            "add_city": "", 
            "surname": "Gall", 
            "type": 2, 
            "email": ""
        }
    }, 
    {
        "pk": 1, 
        "model": "bwapp.projectcontact", 
        "fields": {
            "website": null, 
            "project": 1, 
            "middle_name": null, 
            "add_state_prov": null, 
            "add_street1": null, 
            "add_street2": null, 
            "add_country": "", 
            "phone": null, 
            "add_code": null, 
            "given_name": "Corrie", 
            "add_city": null, 
            "surname": "Thompson", 
            "email": null
        }
    }, 
    {
        "pk": 2, 
        "model": "bwapp.projectcontact", 
        "fields": {
            "website": null, 
            "project": 2, 
            "middle_name": null, 
            "add_state_prov": null, 
            "add_street1": null, 
            "add_street2": null, 
            "add_country": "", 
            "phone": null, 
            "add_code": null, 
            "given_name": "Elliott", 
            "add_city": null, 
            "surname": "Gall", 
            "email": null
        }
    }, 
    {
        "pk": 3, 
        "model": "bwapp.projectcontact", 
        "fields": {
            "website": null, 
            "project": 4, 
            "middle_name": "", 
            "add_state_prov": "MD", 
            "add_street1": "1211 Stirrup Lane", 
            "add_street2": "", 
            "add_country": "US", 
            "phone": "", 
            "add_code": "20715", 
            "given_name": "James", 
            "add_city": "Bowie", 
            "surname": "Seppi", 
            "email": ""
        }
    }, 
    {
        "pk": 1, 
        "model": "bwapp.featuredproject", 
        "fields": {
            "project": 1, 
            "created": "2011-12-01 11:37:00"
        }
    }, 
    {
        "pk": 2, 
        "model": "bwapp.featuredproject", 
        "fields": {
            "project": 4, 
            "created": "2012-01-07 17:10:46"
        }
    }
]
